VulLink,ID,Tail,Head,T0,Flow,Cap,Alpha,Beta,Cost
-1,0,0,1,6,2656.57,25900.2,0.15,4,6.0001
-1,1,0,2,4,6143.43,23403.5,0.15,4,4.00285
-1,2,1,0,6,2703.66,25900.2,0.15,4,6.00011
-1,3,1,5,5,6456.57,4958.18,0.15,4,7.15665
-1,4,2,0,4,6096.34,23403.5,0.15,4,4.00276
-1,5,2,3,4,15122.7,17110.5,0.15,4,4.36611
-1,6,2,11,4,10342.4,23403.5,0.15,4,4.02288
-1,7,3,2,4,14801.7,17110.5,0.15,4,4.336
-1,8,3,4,2,19792.5,17782.8,0.15,4,2.46039
-1,9,3,10,6,5816.43,4908.83,0.15,4,7.77402
-1,10,4,3,2,19653.7,17782.8,0.15,4,2.4476
-1,11,4,5,4,9621.82,4948,0.15,4,12.5795
-1,12,4,8,5,16395.6,10000,0.15,4,10.4197
-1,13,5,1,5,6503.66,4958.18,0.15,4,7.22025
-1,14,5,4,4,9569.63,4948,0.15,4,12.3949
-1,15,5,7,2,12149.1,4898.59,0.15,4,13.3506
-1,16,6,7,3,12467.9,7841.81,0.15,4,5.87557
-1,17,6,17,2,15613.2,23403.5,0.15,4,2.05943
-1,18,7,5,2,12144,4898.59,0.15,4,13.3315
-1,19,7,6,3,12273.2,7841.81,0.15,4,5.7001
-1,20,7,8,10,7317.58,5050.19,0.15,4,16.6119
-1,21,7,15,5,8195.56,5045.82,0.15,4,10.2197
-1,22,8,4,5,16308.9,10000,0.15,4,10.306
-1,23,8,7,10,7168.99,5050.19,0.15,4,16.0911
-1,24,8,9,3,22188.4,13915.8,0.15,4,5.90861
-1,25,9,8,3,22053.1,13915.8,0.15,4,5.83833
-1,26,9,10,5,17694.7,10000,0.15,4,12.3525
-1,27,9,14,6,23242.6,13512,0.15,4,13.8796
-1,28,9,15,4,11274.9,4854.92,0.15,4,21.4529
-1,29,9,16,8,8083.88,4993.51,0.15,4,16.2421
-1,30,10,3,6,5734.28,4908.83,0.15,4,7.6759
-1,31,10,9,5,17658.1,10000,0.15,4,12.2919
-1,32,10,11,6,8509.33,4908.83,0.15,4,14.1267
-1,33,10,13,4,9678.26,4876.51,0.15,4,13.309
-1,34,11,2,4,10616.3,23403.5,0.15,4,4.02541
-1,35,11,10,6,8254.91,4908.83,0.15,4,13.1975
-1,36,11,12,3,13339.1,25900.2,0.15,4,3.03166
-1,37,12,11,3,13458.6,25900.2,0.15,4,3.03281
-1,38,12,23,4,11122.2,5091.26,0.15,4,17.6649
-1,39,13,10,4,9913.91,4876.51,0.15,4,14.2493
-1,40,13,14,5,9107.48,5127.53,0.15,4,12.4649
-1,41,13,22,4,8404.86,4924.79,0.15,4,9.09006
-1,42,14,9,6,23076.3,13512,0.15,4,13.6565
-1,43,14,13,5,9294.5,5127.53,0.15,4,13.0972
-1,44,14,18,3,19330.8,14564.8,0.15,4,4.39635
-1,45,14,21,3,18373,9599.18,0.15,4,9.03947
-1,46,15,7,5,8144.33,5045.82,0.15,4,10.0904
-1,47,15,9,4,11153.5,4854.92,0.15,4,20.7134
-1,48,15,16,2,11606.1,5229.91,0.15,4,9.27585
-1,49,15,17,3,15683.9,19679.9,0.15,4,3.18153
-1,50,16,9,8,8172.86,4993.51,0.15,4,16.611
-1,51,16,15,2,11591.5,5229.91,0.15,4,9.23947
-1,52,16,18,2,9938.3,4823.95,0.15,4,7.40453
-1,53,17,6,2,15808,23403.5,0.15,4,2.06245
-1,54,17,15,3,15525.8,19679.9,0.15,4,3.17432
-1,55,17,19,4,19752,23403.5,0.15,4,4.30442
-1,56,18,14,3,19402.1,14564.8,0.15,4,4.41708
-1,57,18,16,2,10012.7,4823.95,0.15,4,7.5683
-1,58,18,19,4,8707.49,5002.61,0.15,4,9.50728
-1,59,19,17,4,19688.6,23403.5,0.15,4,4.30053
-1,60,19,18,4,8853.27,5002.61,0.15,4,9.88545
-1,61,19,20,6,6623.29,5059.91,0.15,4,8.64219
-1,62,19,21,5,7237.6,5075.7,0.15,4,8.10067
-1,63,20,19,6,6571.48,5059.91,0.15,4,8.56049
-1,64,20,21,2,8680.52,5229.91,0.15,4,4.27681
-1,65,20,23,3,10050.8,4885.36,0.15,4,11.0617
-1,66,21,14,3,18222.4,9599.18,0.15,4,8.8439
-1,67,21,19,5,7271.82,5075.7,0.15,4,8.15975
-1,68,21,20,2,8770.51,5229.91,0.15,4,4.37271
-1,69,21,22,4,9796.75,5000,0.15,4,12.843
-1,70,22,13,4,8453.5,4924.79,0.15,4,9.2089
-1,71,22,21,4,9770.39,5000,0.15,4,12.7482
-1,72,22,23,2,8056.64,5078.51,0.15,4,3.90017
-1,73,23,12,4,11141.7,5091.26,0.15,4,17.7611
-1,74,23,20,3,9908.99,4885.36,0.15,4,10.6163
-1,75,23,22,2,8078.92,5078.51,0.15,4,3.92127
0,0,0,1,6,2.39944e-06,1e-06,0.15,4,35.8321
0,1,0,2,4,8800,23403.5,0.15,4,4.01199
0,2,1,0,6,2618.31,25900.2,0.15,4,6.00009
0,3,1,5,5,3900,4958.18,0.15,4,5.2871
0,4,2,0,4,6181.69,23403.5,0.15,4,4.00292
0,5,2,3,4,17260.6,17110.5,0.15,4,4.62133
0,6,2,11,4,10778.9,23403.5,0.15,4,4.027
0,7,3,2,4,15144.7,17110.5,0.15,4,4.36825
0,8,3,4,2,22122.9,17782.8,0.15,4,2.7186
0,9,3,10,6,5333.61,4908.83,0.15,4,7.25434
0,10,4,3,2,19839.1,17782.8,0.15,4,2.46474
0,11,4,5,4,10799,4948,0.15,4,17.6133
0,12,4,8,5,17174,10000,0.15,4,11.5245
0,13,5,1,5,6518.31,4958.18,0.15,4,7.24033
0,14,5,4,4,9396.75,4948,0.15,4,11.8045
0,15,5,7,2,11287.3,4898.59,0.15,4,10.4567
0,16,6,7,3,12841.8,7841.81,0.15,4,6.23631
0,17,6,17,2,15894.4,23403.5,0.15,4,2.06382
0,18,7,5,2,12503.4,4898.59,0.15,4,14.7335
0,19,7,6,3,12176.8,7841.81,0.15,4,5.61624
0,20,7,8,10,6974.79,5050.19,0.15,4,15.4574
0,21,7,15,5,7952.11,5045.82,0.15,4,9.62661
0,22,8,4,5,16292.4,10000,0.15,4,10.2845
0,23,8,7,10,7971.85,5050.19,0.15,4,19.3131
0,24,8,9,3,21962.4,13915.8,0.15,4,5.79189
0,25,9,8,3,22177.9,13915.8,0.15,4,5.90311
0,26,9,10,5,18316,10000,0.15,4,13.4409
0,27,9,14,6,22937.6,13512,0.15,4,13.474
0,28,9,15,4,11096.7,4854.92,0.15,4,20.3758
0,29,9,16,8,8100,4993.51,0.15,4,16.308
0,30,10,3,6,5601.44,4908.83,0.15,4,7.52591
0,31,10,9,5,18130.7,10000,0.15,4,13.1044
0,32,10,11,6,8052.8,4908.83,0.15,4,12.5181
0,33,10,13,4,10203.3,4876.51,0.15,4,15.4993
0,34,11,2,4,10276.6,23403.5,0.15,4,4.02231
0,35,11,10,6,8389.99,4908.83,0.15,4,13.6803
0,36,11,12,3,13069.8,25900.2,0.15,4,3.02918
0,37,12,11,3,13004.6,25900.2,0.15,4,3.0286
0,38,12,23,4,11206.8,5091.26,0.15,4,18.0856
0,39,13,10,4,10048.6,4876.51,0.15,4,14.8176
0,40,13,14,5,8891.99,5127.53,0.15,4,11.783
0,41,13,22,4,8488.03,4924.79,0.15,4,9.29454
0,42,14,9,6,23215,13512,0.15,4,13.8422
0,43,14,13,5,9175.04,5127.53,0.15,4,12.6889
0,44,14,18,3,19958.8,14564.8,0.15,4,4.58687
0,45,14,21,3,18152.3,9599.18,0.15,4,8.75439
0,46,15,7,5,7506.12,5045.82,0.15,4,8.67278
0,47,15,9,4,11138.5,4854.92,0.15,4,20.6239
0,48,15,16,2,11694.9,5229.91,0.15,4,9.50127
0,49,15,17,3,15162.1,19679.9,0.15,4,3.15855
0,50,16,9,8,8081.69,4993.51,0.15,4,16.2331
0,51,16,15,2,11662.8,5229.91,0.15,4,9.41913
0,52,16,18,2,10055.5,4823.95,0.15,4,7.66408
0,53,17,6,2,16559.4,23403.5,0.15,4,2.07519
0,54,17,15,3,14790,19679.9,0.15,4,3.14355
0,55,17,19,4,18974.2,23403.5,0.15,4,4.25923
0,56,18,14,3,20163.9,14564.8,0.15,4,4.65311
0,57,18,16,2,10005.1,4823.95,0.15,4,7.55124
0,58,18,19,4,8953.77,5002.61,0.15,4,10.1573
0,59,19,17,4,19167.2,23403.5,0.15,4,4.26994
0,60,19,18,4,9108.41,5002.61,0.15,4,10.5938
0,61,19,20,6,6570.09,5059.91,0.15,4,8.55832
0,62,19,21,5,6855.93,5075.7,0.15,4,7.49657
0,63,20,19,6,6391.51,5059.91,0.15,4,8.29132
0,64,20,21,2,8652.52,5229.91,0.15,4,4.24758
0,65,20,23,3,10036.9,4885.36,0.15,4,11.0173
0,66,21,14,3,18407.6,9599.18,0.15,4,9.08505
0,67,21,19,5,7282.11,5075.7,0.15,4,8.17765
0,68,21,20,2,8301.95,5229.91,0.15,4,3.90486
0,69,21,22,4,9161.01,5000,0.15,4,10.7615
0,70,22,13,4,8050.27,4924.79,0.15,4,8.28394
0,71,22,21,4,9491.95,5000,0.15,4,11.7928
0,72,22,23,2,8200.71,5078.51,0.15,4,4.03978
0,73,23,12,4,11041.6,5091.26,0.15,4,17.2733
0,74,23,20,3,10208.9,4885.36,0.15,4,11.5812
0,75,23,22,2,8093.89,5078.51,0.15,4,3.93556
1,0,0,1,6,8800,25900.2,0.15,4,6.01199
1,1,0,2,4,3.91474e-06,1e-06,0.15,4,144.917
1,2,1,0,6,3142.99,25900.2,0.15,4,6.0002
1,3,1,5,5,12600,4958.18,0.15,4,36.2791
1,4,2,0,4,5657.01,23403.5,0.15,4,4.00205
1,5,2,3,4,10643.4,17110.5,0.15,4,4.08983
1,6,2,11,4,9587.74,23403.5,0.15,4,4.0169
1,7,3,2,4,15540.2,17110.5,0.15,4,4.40825
1,8,3,4,2,16515.3,17782.8,0.15,4,2.22319
1,9,3,10,6,5668.25,4908.83,0.15,4,7.60003
1,10,4,3,2,21231.9,17782.8,0.15,4,2.60964
1,11,4,5,4,8273.14,4948,0.15,4,8.68939
1,12,4,8,5,15976.1,10000,0.15,4,9.88588
1,13,5,1,5,6942.99,4958.18,0.15,4,7.88376
1,14,5,4,4,11619.9,4948,0.15,4,22.2493
1,15,5,7,2,13218.9,4898.59,0.15,4,17.9083
1,16,6,7,3,12151.8,7841.81,0.15,4,5.59482
1,17,6,17,2,17458.9,23403.5,0.15,4,2.09291
1,18,7,5,2,10908.7,4898.59,0.15,4,9.37786
1,19,7,6,3,13411.3,7841.81,0.15,4,6.8497
1,20,7,8,10,8291.17,5050.19,0.15,4,20.8974
1,21,7,15,5,8163.4,5045.82,0.15,4,10.1383
1,22,8,4,5,17345.9,10000,0.15,4,11.7896
1,23,8,7,10,7469.49,5050.19,0.15,4,17.1783
1,24,8,9,3,21499.1,13915.8,0.15,4,5.56368
1,25,9,8,3,22147.2,13915.8,0.15,4,5.88708
1,26,9,10,5,17926.2,10000,0.15,4,12.7448
1,27,9,14,6,22312.6,13512,0.15,4,12.6921
1,28,9,15,4,11267,4854.92,0.15,4,21.4044
1,29,9,16,8,7952.42,4993.51,0.15,4,15.7189
1,30,10,3,6,5948.58,4908.83,0.15,4,7.94082
1,31,10,9,5,17383.3,10000,0.15,4,11.8483
1,32,10,11,6,8433.63,4908.83,0.15,4,13.8413
1,33,10,13,4,9986.48,4876.51,0.15,4,14.5527
1,34,11,2,4,10347.9,23403.5,0.15,4,4.02293
1,35,11,10,6,8106.34,4908.83,0.15,4,12.6932
1,36,11,12,3,13209.4,25900.2,0.15,4,3.03045
1,37,12,11,3,13742.2,25900.2,0.15,4,3.03566
1,38,12,23,4,10855.1,5091.26,0.15,4,16.3991
1,39,13,10,4,10151.2,4876.51,0.15,4,15.2663
1,40,13,14,5,9244.73,5127.53,0.15,4,12.9251
1,41,13,22,4,8087.27,4924.79,0.15,4,8.36323
1,42,14,9,6,23106.8,13512,0.15,4,13.6971
1,43,14,13,5,8973.4,5127.53,0.15,4,12.0349
1,44,14,18,3,19654.2,14564.8,0.15,4,4.49219
1,45,14,21,3,18423.8,9599.18,0.15,4,9.10645
1,46,15,7,5,7934.33,5045.82,0.15,4,9.58536
1,47,15,9,4,11642.2,4854.92,0.15,4,23.8411
1,48,15,16,2,11824.2,5229.91,0.15,4,9.83856
1,49,15,17,3,14744.8,19679.9,0.15,4,3.1418
1,50,16,9,8,7874.03,4993.51,0.15,4,15.419
1,51,16,15,2,11716.2,5229.91,0.15,4,9.55593
1,52,16,18,2,10208,4823.95,0.15,4,8.01546
1,53,17,6,2,16199.4,23403.5,0.15,4,2.06886
1,54,17,15,3,14998.9,19679.9,0.15,4,3.15183
1,55,17,19,4,20927.1,23403.5,0.15,4,4.38359
1,56,18,14,3,20305.7,14564.8,0.15,4,4.7001
1,57,18,16,2,10021.5,4823.95,0.15,4,7.58786
1,58,18,19,4,9115.84,5002.61,0.15,4,10.6153
1,59,19,17,4,19821.8,23403.5,0.15,4,4.30875
1,60,19,18,4,9580.89,5002.61,0.15,4,12.0722
1,61,19,20,6,6872.93,5059.91,0.15,4,9.06365
1,62,19,21,5,7877.94,5075.7,0.15,4,9.35241
1,63,20,19,6,6577.2,5059.91,0.15,4,8.56943
1,64,20,21,2,8486.25,5229.91,0.15,4,4.07973
1,65,20,23,3,10428.4,4885.36,0.15,4,12.3434
1,66,21,14,3,18195.2,9599.18,0.15,4,8.80897
1,67,21,19,5,7433.41,5075.7,0.15,4,8.4501
1,68,21,20,2,8728.42,5229.91,0.15,4,4.32748
1,69,21,22,4,9950.91,5000,0.15,4,13.4129
1,70,22,13,4,8523.3,4924.79,0.15,4,9.38309
1,71,22,21,4,9519.95,5000,0.15,4,11.8851
1,72,22,23,2,7839.59,5078.51,0.15,4,3.70353
1,73,23,12,4,11287.9,5091.26,0.15,4,18.4981
1,74,23,20,3,9890.54,4885.36,0.15,4,10.5598
1,75,23,22,2,7844.65,5078.51,0.15,4,3.70794
2,0,0,1,6,2665.7,25900.2,0.15,4,6.0001
2,1,0,2,4,6134.3,23403.5,0.15,4,4.00283
2,2,1,0,6,3.12124e-06,1e-06,0.15,4,91.4185
2,3,1,5,5,6565.7,4958.18,0.15,4,7.3062
2,4,2,0,4,8800,23403.5,0.15,4,4.01199
2,5,2,3,4,14968.5,17110.5,0.15,4,4.3514
2,6,2,11,4,10404.4,23403.5,0.15,4,4.02344
2,7,3,2,4,17315.9,17110.5,0.15,4,4.62933
2,8,3,4,2,19531.4,17782.8,0.15,4,2.43657
2,9,3,10,6,5826.28,4908.83,0.15,4,7.78607
2,10,4,3,2,21721.4,17782.8,0.15,4,2.66784
2,11,4,5,4,9296.68,4948,0.15,4,11.4773
2,12,4,8,5,16258.6,10000,0.15,4,10.2407
2,13,5,1,5,3900,4958.18,0.15,4,5.2871
2,14,5,4,4,10791.1,4948,0.15,4,17.5737
2,15,5,7,2,12230.4,4898.59,0.15,4,13.6574
2,16,6,7,3,11810,7841.81,0.15,4,5.31494
2,17,6,17,2,16061,23403.5,0.15,4,2.06654
2,18,7,5,2,11059.1,4898.59,0.15,4,9.79335
2,19,7,6,3,12490.6,7841.81,0.15,4,5.89652
2,20,7,8,10,7922.21,5050.19,0.15,4,19.0833
2,21,7,15,5,8050.77,5045.82,0.15,4,9.86052
2,22,8,4,5,16954.2,10000,0.15,4,11.1968
2,23,8,7,10,7368.9,5050.19,0.15,4,16.7994
2,24,8,9,3,22080.7,13915.8,0.15,4,5.85255
2,25,9,8,3,22323,13915.8,0.15,4,5.97983
2,26,9,10,5,18222.2,10000,0.15,4,13.2693
2,27,9,14,6,22968.1,13512,0.15,4,13.5139
2,28,9,15,4,11221,4854.92,0.15,4,21.1217
2,29,9,16,8,7967.14,4993.51,0.15,4,15.7762
2,30,10,3,6,6083.69,4908.83,0.15,4,8.12324
2,31,10,9,5,17675.2,10000,0.15,4,12.3201
2,32,10,11,6,8543.65,4908.83,0.15,4,14.2586
2,33,10,13,4,9886.32,4876.51,0.15,4,14.1357
2,34,11,2,4,10722.7,23403.5,0.15,4,4.02644
2,35,11,10,6,8393.11,4908.83,0.15,4,13.6917
2,36,11,12,3,13289.5,25900.2,0.15,4,3.03119
2,37,12,11,3,13557.3,25900.2,0.15,4,3.03378
2,38,12,23,4,11016.1,5091.26,0.15,4,17.151
2,39,13,10,4,9847.19,4876.51,0.15,4,13.9762
2,40,13,14,5,9294.93,5127.53,0.15,4,13.0987
2,41,13,22,4,8386.81,4924.79,0.15,4,9.04646
2,42,14,9,6,23532.7,13512,0.15,4,14.2804
2,43,14,13,5,9255.36,5127.53,0.15,4,12.9617
2,44,14,18,3,19295.6,14564.8,0.15,4,4.38621
2,45,14,21,3,18029.6,9599.18,0.15,4,8.60036
2,46,15,7,5,8113.43,5045.82,0.15,4,10.0136
2,47,15,9,4,11244.7,4854.92,0.15,4,21.2668
2,48,15,16,2,11578.9,5229.91,0.15,4,9.20794
2,49,15,17,3,16042.8,19679.9,0.15,4,3.19872
2,50,16,9,8,8068.24,4993.51,0.15,4,16.1785
2,51,16,15,2,11473.2,5229.91,0.15,4,8.94838
2,52,16,18,2,9926.42,4823.95,0.15,4,7.37874
2,53,17,6,2,15380.4,23403.5,0.15,4,2.05596
2,54,17,15,3,16234.8,19679.9,0.15,4,3.20841
2,55,17,19,4,19846,23403.5,0.15,4,4.31026
2,56,18,14,3,19491.7,14564.8,0.15,4,4.44344
2,57,18,16,2,9921.84,4823.95,0.15,4,7.36883
2,58,18,19,4,8864.84,5002.61,0.15,4,9.91629
2,59,19,17,4,19257.4,23403.5,0.15,4,4.27505
2,60,19,18,4,9056.41,5002.61,0.15,4,10.4445
2,61,19,20,6,6792.25,5059.91,0.15,4,8.9223
2,62,19,21,5,7505.41,5075.7,0.15,4,8.58572
2,63,20,19,6,6470.18,5059.91,0.15,4,8.40623
2,64,20,21,2,8842.87,5229.91,0.15,4,4.45198
2,65,20,23,3,10145,4885.36,0.15,4,11.3683
2,66,21,14,3,18258.4,9599.18,0.15,4,8.89016
2,67,21,19,5,7330.46,5075.7,0.15,4,8.26289
2,68,21,20,2,8677.57,5229.91,0.15,4,4.27372
2,69,21,22,4,9800.72,5000,0.15,4,12.8573
2,70,22,13,4,8387.25,4924.79,0.15,4,9.04752
2,71,22,21,4,9689.31,5000,0.15,4,12.4614
2,72,22,23,2,8218.7,5078.51,0.15,4,4.05773
2,73,23,12,4,11183.8,5091.26,0.15,4,17.9704
2,74,23,20,3,9988.26,4885.36,0.15,4,10.863
2,75,23,22,2,8107.73,5078.51,0.15,4,3.94883
3,0,0,1,6,100,25900.2,0.15,4,6
3,1,0,2,4,8700,23403.5,0.15,4,4.01146
3,2,1,0,6,400,25900.2,0.15,4,6
3,3,1,5,5,3900,1e-06,0.15,4,1.73508e+38
3,4,2,0,4,8400,23403.5,0.15,4,4.00996
3,5,2,3,4,30100,17110.5,0.15,4,9.74598
3,6,2,11,4,21500,23403.5,0.15,4,4.42735
3,7,3,2,4,27700,17110.5,0.15,4,8.12114
3,8,3,4,2,33200,17782.8,0.15,4,5.6448
3,9,3,10,6,22500,4908.83,0.15,4,403.248
3,10,4,3,2,41500,17782.8,0.15,4,10.8984
3,11,4,5,4,10700,4948,0.15,4,17.1211
3,12,4,8,5,38500,10000,0.15,4,169.78
3,13,5,1,5,4200,4958.18,0.15,4,5.38616
3,14,5,4,4,9000,4948,0.15,4,10.5676
3,15,5,7,2,1400,4898.59,0.15,4,2.002
3,16,6,7,3,22100,7841.81,0.15,4,31.3868
3,17,6,17,2,18000,23403.5,0.15,4,2.10498
3,18,7,5,2,0,4898.59,0.15,4,2
3,19,7,6,3,21700,7841.81,0.15,4,29.3867
3,20,7,8,10,23800,5050.19,0.15,4,749.89
3,21,7,15,5,700,5045.82,0.15,4,5.00028
3,22,8,4,5,48500,10000,0.15,4,419.981
3,23,8,7,10,22700,5050.19,0.15,4,622.298
3,24,8,9,3,33200,13915.8,0.15,4,17.5792
3,25,9,8,3,42200,13915.8,0.15,4,41.0567
3,26,9,10,5,0,10000,0.15,4,5
3,27,9,14,6,51300,13512,0.15,4,192.996
3,28,9,15,4,0,4854.92,0.15,4,4
3,29,9,16,8,23200,4993.51,0.15,4,567.125
3,30,10,3,6,11900,4908.83,0.15,4,37.0828
3,31,10,9,5,10400,10000,0.15,4,5.87739
3,32,10,11,6,0,4908.83,0.15,4,6
3,33,10,13,4,100,4876.51,0.15,4,4
3,34,11,2,4,23600,23403.5,0.15,4,4.62041
3,35,11,10,6,0,4908.83,0.15,4,6
3,36,11,12,3,16800,25900.2,0.15,4,3.07966
3,37,12,11,3,19000,25900.2,0.15,4,3.13032
3,38,12,23,4,13000,5091.26,0.15,4,29.505
3,39,13,10,4,0,4876.51,0.15,4,4
3,40,13,14,5,5000,5127.53,0.15,4,5.67813
3,41,13,22,4,9100,4924.79,0.15,4,10.9946
3,42,14,9,6,49600,13512,0.15,4,169.414
3,43,14,13,5,7000,5127.53,0.15,4,7.60509
3,44,14,18,3,43900,14564.8,0.15,4,40.1414
3,45,14,21,3,100,9599.18,0.15,4,3
3,46,15,7,5,0,5045.82,0.15,4,5
3,47,15,9,4,0,4854.92,0.15,4,4
3,48,15,16,2,300,5229.91,0.15,4,2
3,49,15,17,3,26100,19679.9,0.15,4,4.39214
3,50,16,9,8,23400,4993.51,0.15,4,586.656
3,51,16,15,2,0,5229.91,0.15,4,2
3,52,16,18,2,100,4823.95,0.15,4,2
3,53,17,6,2,18400,23403.5,0.15,4,2.11462
3,54,17,15,3,25700,19679.9,0.15,4,4.30874
3,55,17,19,4,24800,23403.5,0.15,4,4.75655
3,56,18,14,3,44200,14564.8,0.15,4,41.1671
3,57,18,16,2,0,4823.95,0.15,4,2
3,58,18,19,4,43600,5002.61,0.15,4,3465.88
3,59,19,17,4,24700,23403.5,0.15,4,4.74442
3,60,19,18,4,43800,5002.61,0.15,4,3529.83
3,61,19,20,6,11000,5059.91,0.15,4,26.1021
3,62,19,21,5,32700,5075.7,0.15,4,1297.02
3,63,20,19,6,11000,5059.91,0.15,4,26.1021
3,64,20,21,2,0,5229.91,0.15,4,2
3,65,20,23,3,0,4885.36,0.15,4,3
3,66,21,14,3,0,9599.18,0.15,4,3
3,67,21,19,5,32700,5075.7,0.15,4,1297.02
3,68,21,20,2,0,5229.91,0.15,4,2
3,69,21,22,4,22200,5000,0.15,4,237.176
3,70,22,13,4,7000,4924.79,0.15,4,6.44902
3,71,22,21,4,22100,5000,0.15,4,233.003
3,72,22,23,2,18400,5078.51,0.15,4,53.6949
3,73,23,12,4,15100,5091.26,0.15,4,50.4258
3,74,23,20,3,0,4885.36,0.15,4,3
3,75,23,22,2,16200,5078.51,0.15,4,33.0625
4,0,0,1,6,3358.06,25900.2,0.15,4,6.00025
4,1,0,2,4,5441.94,23403.5,0.15,4,4.00175
4,2,1,0,6,8800,25900.2,0.15,4,6.01199
4,3,1,5,5,7158.06,4958.18,0.15,4,8.25802
4,4,2,0,4,3.35263e-06,1e-06,0.15,4,79.8045
4,5,2,3,4,15239.2,17110.5,0.15,4,4.37752
4,6,2,11,4,10360.3,23403.5,0.15,4,4.02304
4,7,3,2,4,10796.2,17110.5,0.15,4,4.0951
4,8,3,4,2,20434,17782.8,0.15,4,2.52304
4,9,3,10,6,6188.66,4908.83,0.15,4,8.27363
4,10,4,3,2,16137,17782.8,0.15,4,2.20343
4,11,4,5,4,11826.4,4948,0.15,4,23.5817
4,12,4,8,5,16921,10000,0.15,4,11.1484
4,13,5,1,5,12600,4958.18,0.15,4,36.2791
4,14,5,4,4,8484.13,4948,0.15,4,9.18636
4,15,5,7,2,10724.2,4898.59,0.15,4,8.89127
4,16,6,7,3,13241.8,7841.81,0.15,4,6.65874
4,17,6,17,2,15812.8,23403.5,0.15,4,2.06252
4,18,7,5,2,12823.8,4898.59,0.15,4,16.09
4,19,7,6,3,12232.9,7841.81,0.15,4,5.66481
4,20,7,8,10,7684.17,5050.19,0.15,4,18.0398
4,21,7,15,5,7674.97,5045.82,0.15,4,9.01458
4,22,8,4,5,15966.2,10000,0.15,4,9.87383
4,23,8,7,10,8083.67,5050.19,0.15,4,19.8468
4,24,8,9,3,21708.5,13915.8,0.15,4,5.66503
4,25,9,8,3,21253.3,13915.8,0.15,4,5.44842
4,26,9,10,5,17832.8,10000,0.15,4,12.5848
4,27,9,14,6,23078.7,13512,0.15,4,13.6597
4,28,9,15,4,11579.2,4854.92,0.15,4,23.4148
4,29,9,16,8,7737.88,4993.51,0.15,4,14.919
4,30,10,3,6,6142.72,4908.83,0.15,4,8.20685
4,31,10,9,5,18185.6,10000,0.15,4,13.203
4,32,10,11,6,7875.11,4908.83,0.15,4,11.9615
4,33,10,13,4,10068.8,4876.51,0.15,4,14.905
4,34,11,2,4,9361.32,23403.5,0.15,4,4.01536
4,35,11,10,6,8422.19,4908.83,0.15,4,13.7989
4,36,11,12,3,13327.2,25900.2,0.15,4,3.03155
4,37,12,11,3,12975.3,25900.2,0.15,4,3.02834
4,38,12,23,4,11227.5,5091.26,0.15,4,18.1902
4,39,13,10,4,9928.53,4876.51,0.15,4,14.3099
4,40,13,14,5,9414.82,5127.53,0.15,4,13.5247
4,41,13,22,4,8502.14,4924.79,0.15,4,9.32982
4,42,14,9,6,22298.5,13512,0.15,4,12.6752
4,43,14,13,5,9439.01,5127.53,0.15,4,13.6126
4,44,14,18,3,19917.8,14564.8,0.15,4,4.57385
4,45,14,21,3,18599.8,9599.18,0.15,4,9.34321
4,46,15,7,5,8366.23,5045.82,0.15,4,10.6683
4,47,15,9,4,11489.3,4854.92,0.15,4,22.819
4,48,15,16,2,11458.2,5229.91,0.15,4,8.91222
4,49,15,17,3,14396.2,19679.9,0.15,4,3.12886
4,50,16,9,8,7700,4993.51,0.15,4,14.7845
4,51,16,15,2,11686.1,5229.91,0.15,4,9.47872
4,52,16,18,2,9834,4823.95,0.15,4,7.18121
4,53,17,6,2,16821.7,23403.5,0.15,4,2.08007
4,54,17,15,3,14769.7,19679.9,0.15,4,3.14276
4,55,17,19,4,20072.2,23403.5,0.15,4,4.32464
4,56,18,14,3,19359.2,14564.8,0.15,4,4.4046
4,57,18,16,2,10024,4823.95,0.15,4,7.59338
4,58,18,19,4,9253.79,5002.61,0.15,4,11.025
4,59,19,17,4,21354.5,23403.5,0.15,4,4.4159
4,60,19,18,4,8885.24,5002.61,0.15,4,9.97094
4,61,19,20,6,6686.87,5059.91,0.15,4,8.74512
4,62,19,21,5,7432.25,5075.7,0.15,4,8.44795
4,63,20,19,6,6930.77,5059.91,0.15,4,9.16807
4,64,20,21,2,8579.93,5229.91,0.15,4,4.1731
4,65,20,23,3,10023.6,4885.36,0.15,4,10.9749
4,66,21,14,3,18302.3,9599.18,0.15,4,8.94703
4,67,21,19,5,8002.16,5075.7,0.15,4,9.63349
4,68,21,20,2,8454.64,5229.91,0.15,4,4.04892
4,69,21,22,4,9458.09,5000,0.15,4,11.6822
4,70,22,13,4,8337.67,4924.79,0.15,4,8.92923
4,71,22,21,4,9605.23,5000,0.15,4,12.1715
4,72,22,23,2,8327.8,5078.51,0.15,4,4.16919
4,73,23,12,4,10775.7,5091.26,0.15,4,16.0401
4,74,23,20,3,10392.8,4885.36,0.15,4,12.2164
4,75,23,22,2,8310.47,5078.51,0.15,4,4.15119
5,0,0,1,6,7344.94,25900.2,0.15,4,6.00582
5,1,0,2,4,1455.06,23403.5,0.15,4,4.00001
5,2,1,0,6,3152.13,25900.2,0.15,4,6.0002
5,3,1,5,5,11144.9,4958.18,0.15,4,24.1462
5,4,2,0,4,5647.87,23403.5,0.15,4,4.00204
5,5,2,3,4,3.3981e-06,1e-06,0.15,4,84.001
5,6,2,11,4,10947.3,23403.5,0.15,4,4.02872
5,7,3,2,4,12547.3,17110.5,0.15,4,4.1735
5,8,3,4,2,11085,17782.8,0.15,4,2.0453
5,9,3,10,6,4924.29,4908.83,0.15,4,6.91139
5,10,4,3,2,19875.3,17782.8,0.15,4,2.46814
5,11,4,5,4,7612.81,4948,0.15,4,7.36212
5,12,4,8,5,12105.6,10000,0.15,4,6.61067
5,13,5,1,5,6952.13,4958.18,0.15,4,7.89897
5,14,5,4,4,11296.3,4948,0.15,4,20.2994
5,15,5,7,2,11715,4898.59,0.15,4,11.813
5,16,6,7,3,13133.7,7841.81,0.15,4,6.54072
5,17,6,17,2,16943.4,23403.5,0.15,4,2.08241
5,18,7,5,2,11205.6,4898.59,0.15,4,10.2145
5,19,7,6,3,12400.9,7841.81,0.15,4,5.81419
5,20,7,8,10,7803.08,5050.19,0.15,4,18.5491
5,21,7,15,5,8224.7,5045.82,0.15,4,10.2944
5,22,8,4,5,17212.4,10000,0.15,4,11.5831
5,23,8,7,10,6580.1,5050.19,0.15,4,14.323
5,24,8,9,3,19558.2,13915.8,0.15,4,4.75588
5,25,9,8,3,23542,13915.8,0.15,4,6.686
5,26,9,10,5,17913.1,10000,0.15,4,12.7222
5,27,9,14,6,21458.4,13512,0.15,4,11.7248
5,28,9,15,4,10981.6,4854.92,0.15,4,19.7067
5,29,9,16,8,7731.31,4993.51,0.15,4,14.8955
5,30,10,3,6,8781.28,4908.83,0.15,4,15.2165
5,31,10,9,5,19261.3,10000,0.15,4,15.3229
5,32,10,11,6,8661.49,4908.83,0.15,4,14.7237
5,33,10,13,4,9503.32,4876.51,0.15,4,12.654
5,34,11,2,4,2592.83,23403.5,0.15,4,4.00009
5,35,11,10,6,13397.2,4908.83,0.15,4,55.9324
5,36,11,12,3,15149.1,25900.2,0.15,4,3.05267
5,37,12,11,3,11630.3,25900.2,0.15,4,3.0183
5,38,12,23,4,14557.9,5091.26,0.15,4,44.1095
5,39,13,10,4,10072.9,4876.51,0.15,4,14.9227
5,40,13,14,5,9870.2,5127.53,0.15,4,15.2975
5,41,13,22,4,8639.66,4924.79,0.15,4,9.68311
5,42,14,9,6,23090.7,13512,0.15,4,13.6756
5,43,14,13,5,9577,5127.53,0.15,4,14.1274
5,44,14,18,3,19168.1,14564.8,0.15,4,4.34993
5,45,14,21,3,18928.3,9599.18,0.15,4,9.80338
5,46,15,7,5,8205.5,5045.82,0.15,4,10.2451
5,47,15,9,4,11576.4,4854.92,0.15,4,23.3964
5,48,15,16,2,11868.4,5229.91,0.15,4,9.95632
5,49,15,17,3,16150.9,19679.9,0.15,4,3.20413
5,50,16,9,8,8039.82,4993.51,0.15,4,16.0639
5,51,16,15,2,11682.9,5229.91,0.15,4,9.47043
5,52,16,18,2,10107.5,4823.95,0.15,4,7.78207
5,53,17,6,2,17676.3,23403.5,0.15,4,2.09762
5,54,17,15,3,16912.1,19679.9,0.15,4,3.24542
5,55,17,19,4,22213.1,23403.5,0.15,4,4.48693
5,56,18,14,3,19358.1,14564.8,0.15,4,4.40427
5,57,18,16,2,10230.5,4823.95,0.15,4,8.06873
5,58,18,19,4,9090.44,5002.61,0.15,4,10.5419
5,59,19,17,4,23607,23403.5,0.15,4,4.62115
5,60,19,18,4,9403.49,5002.61,0.15,4,11.4907
5,61,19,20,6,7306.18,5059.91,0.15,4,9.91229
5,62,19,21,5,7613.36,5075.7,0.15,4,8.7965
5,63,20,19,6,8443.52,5059.91,0.15,4,12.9785
5,64,20,21,2,9767.05,5229.91,0.15,4,5.6492
5,65,20,23,3,9987.06,4885.36,0.15,4,10.8592
5,66,21,14,3,19977.4,9599.18,0.15,4,11.4417
5,67,21,19,5,8083.03,5075.7,0.15,4,9.82363
5,68,21,20,2,9454.72,5229.91,0.15,4,5.20435
5,69,21,22,4,9591.45,5000,0.15,4,12.1247
5,70,22,13,4,9502.4,4924.79,0.15,4,12.3164
5,71,22,21,4,10797.8,5000,0.15,4,17.0502
5,72,22,23,2,8047.02,5078.51,0.15,4,3.89111
5,73,23,12,4,10939.1,5091.26,0.15,4,16.7873
5,74,23,20,3,11436.7,4885.36,0.15,4,16.5156
5,75,23,22,2,10116.1,5078.51,0.15,4,6.72321
